transaction_id,sender,receiver,transaction_amount,transaction_date,transaction_type
87f5d4dc-7eef-440a-a3e4-4b2b25c365ef,Gabriel Peterson,Heather Duran,440.15,2021-04-13,Debit
7046a5e1-fa4c-49e3-b292-e143b499b91b,Connor Bishop,Alex Jones,341.7,2015-05-26,Credit
4280a09d-1659-4d53-afc7-7c63365afe4a,Courtney Jones,Natasha Powell,307.33,2023-06-13,Debit
54f9b2b2-a5bb-4645-b09c-18cb1146246d,Gina Thompson,Andrew Potts,986.14,2022-11-22,Credit
a56c6dec-af98-479f-8b07-cac295ee3499,Melissa Lamb,Sonia Morales,634.62,2023-11-15,Credit
a7b5770a-49b4-4a6e-9cc3-82d10a0eadac,Scott Hansen,Kimberly Reyes,917.95,2021-04-13,Credit
7f4ef311-98d6-480d-a7a3-62a6cb9c3af5,Breanna Cook,Sonia Morales,829.89,2015-04-23,Debit
6ee585cd-cc74-4a2b-b47a-41db9602daa8,Raymond Ramirez,Evelyn Hall,633.73,2023-12-25,Debit
4c6c8b70-5c4a-4bf1-a075-10ec444dfcb4,Daniel Harris,Michael Moran,86.25,2015-09-08,Credit
d386b85e-a4e7-46ae-8296-590e7c585907,Hunter King,Rachel Woodard,819.95,2023-02-06,Credit
9bd8a413-4491-48ed-b291-3c9f4ff34c18,Daniel Harris,Bruce Delgado,59.72,2021-01-25,Credit
c3de8d1c-09f0-46cb-b261-59a72583e343,Amanda King,Yvonne Ford,619.59,2015-08-31,Debit
9ff342c7-ec8a-4ef6-9177-e207b0bb523e,Catherine Morris,Bruce Delgado,481.99,2016-09-16,Debit
ad8c07b8-59fc-4480-bdbb-c0bbded13a16,Jesse Kelley,Dale Conway,658.81,2022-12-10,Debit
83ae6a42-5fd4-4606-a233-42c7ba5529c1,Cynthia Romero,Amy Davis,52.51,2018-05-02,Credit
89562371-13bf-4ed8-a466-a341c99ae9e4,Amanda King,Alex Jones,715.94,2016-05-09,Debit
03de50a0-eda3-4926-b186-a69e44691822,Robert Johns,Ryan Bender,868.28,2022-12-10,Debit
b578cb95-953a-4c52-97f0-ac545ad0eede,Jill Wilkinson,Austin Lopez,741.44,2025-01-20,Credit
52dd6a0c-e22b-4d37-91a3-05cffaf44100,Gina Thompson,Michael Moran,15.3,2017-10-01,Debit
9c00bc86-06ba-47e6-aabe-0361b729e658,Scott Hansen,Samuel Smith Jr.,710.23,2015-07-23,Credit
07248360-d36a-4619-b378-1c872faf30e2,Raymond Ramirez,William Ruiz,772.1,2021-03-09,Debit
44080ce0-2c98-48fe-8093-52058ab9bc81,Douglas Martin,Rachel Woodard,552.7,2018-05-25,Credit
0689e35a-c3bf-4e4b-abaa-0f1e6f301ded,Dustin Mckee,Pamela Wiggins,671.17,2019-11-13,Credit
22b356a4-1563-477a-9771-332459322efa,Jill Wilkinson,Sonia Morales,111.27,2017-01-22,Debit
1e6cdc63-0bcb-44d9-be8d-56b8a96982c5,Mr. Stephen Jarvis Jr.,Rachel Woodard,796.43,2024-05-23,Credit
18e124e8-ecb7-421a-8d0f-dbdece119237,Jonathan Fisher,Evelyn Hall,262.32,2018-11-23,Debit
5ac0b7e2-2c63-4e3c-a1fb-a2d97aadc382,Mr. Stephen Jarvis Jr.,Brad Snow,966.43,2018-10-23,Debit
fb3ca376-dfbf-412d-84d5-6c96dd97689b,Andrea Leach,Kevin Watson,249.39,2019-09-07,Credit
d58c117c-b86b-4814-ab4f-5f73959a95e4,Bradley Rodriguez,Alex Jones,291.78,2022-11-27,Credit
aaf400af-022e-42f0-a826-2eea353b4d84,Adam Stephens,Linda Higgins,991.1,2023-07-01,Credit
24367de9-28b3-4ad1-99c3-be56363c9601,Michael Griffith,Brenda Gonzalez,983.36,2018-04-21,Debit
60b629bd-0798-4bb7-b314-8925a9aa57d2,Douglas Martin,Linda Higgins,228.29,2021-12-01,Credit
21c2c572-fccd-4a3c-88f9-79215fa9f9ff,Jessica Rios,Alex Jones,490.95,2023-09-24,Credit
4acb7e05-60a1-4f42-aa7c-fd3e6a808eee,Jeffery Taylor,Amy Davis,188.48,2016-02-18,Debit
7822e4f4-49b3-410b-be7c-a811290ea50f,Cynthia Romero,Elizabeth Munoz,46.72,2017-03-31,Debit
12326976-0315-45a4-8885-53a3c9da0ff0,Sarah Blanchard,Joshua Vega,684.32,2020-03-10,Credit
768ed8a6-f892-41b9-92ab-93169cae749b,Dustin Mckee,Rachel Woodard,977.92,2015-11-23,Credit
78845501-45e7-4195-804f-33bfeedb1c43,Mrs. Cynthia Hernandez,Paul Brown,993.45,2021-07-07,Debit
9de96ee7-2f45-4e7c-b1aa-e567d8ab9892,Connor Bishop,Heather Duran,968.31,2017-03-01,Credit
b9e02895-7575-4e24-b28f-e5698e015b99,Dustin Johns,Andrea Hernandez,679.45,2023-03-24,Credit
4a1ba4ee-df7d-4737-9c4a-69a928453fe0,Jamie Brooks,John Martin,666.96,2020-04-14,Debit
813db15e-9f69-4a4b-a9df-44bd28bf4ef6,Scott Powell,Natasha Powell,867.1,2022-05-06,Debit
6c25c0b5-9673-4dc3-9cf7-2e8320870baa,Susan Wagner,Mrs. Rachel George,687.59,2020-05-28,Debit
2b4d873b-61fe-4fa1-b981-6d255a8a53c8,Courtney Jones,Linda Higgins,888.13,2024-06-06,Credit
23a109e0-0eba-4e2b-898f-b80a74a324bc,Anthony Smith,Felicia West,370.66,2021-03-10,Credit
310ff98e-4dc7-4bed-b40b-7ae0228db4f8,Linda Lee,Mrs. Rachel George,911.56,2019-05-08,Debit
940a2d9c-f581-4653-b649-a08ca058de50,Linda Lee,Brenda Gonzalez,550.94,2020-05-21,Credit
fef2435e-1f20-4bcc-9922-5f506675668f,Gabriel Peterson,Amy Davis,29.26,2024-01-03,Credit
c318bd60-ec40-4f57-b171-8a34283c763e,Justin Rodriguez,Andrea Hernandez,157.09,2017-10-09,Debit
d074cbb4-b22b-4e5a-8e83-394a99b4cf33,Jonathan Fisher,Andrea Hernandez,922.53,2023-01-09,Debit
867dcae4-3e18-4973-8699-8113da726f35,Hunter King,Denise Turner,698.84,2023-08-20,Credit
ed015b15-500f-4e8b-a548-753f598c5583,Raymond Ramirez,Henry Smith,290.01,2018-06-14,Debit
39b430af-f148-45b7-bcb4-28836eaf2af5,Susan Wagner,Patrick Richards,645.72,2019-03-09,Credit
7ee1c8c0-d0d9-45e2-9418-94dc00cb123f,Connor Bishop,Denise Turner,520.57,2016-02-02,Debit
dd1968a6-b6ea-4767-94f2-bf2e09ff09fe,Gabriel Peterson,Stephanie Anderson,661.19,2017-03-14,Debit
e73beacf-f932-49b7-8cb1-f00c99531ef9,Connor Bishop,Colin Gates,11.49,2017-10-13,Credit
81c72e23-d82b-4b38-84d9-60badac32d1c,Michael Griffith,Evelyn Hall,95.95,2018-11-10,Credit
df71d2c1-b6f7-4185-88a0-e6132358dab4,Douglas Martin,Stephanie Webb,235.72,2019-03-05,Credit
19f026eb-b4d3-46f8-b278-7c85b7f2af97,Breanna Cook,Michael Moran,993.3,2022-07-23,Debit
d3165832-7e84-42ba-ab6e-03b592a09a4b,Catherine Morris,Amy Davis,937.46,2022-07-08,Debit
2aa85107-649a-448a-9356-601352d44269,Robert Garner,Colin Gates,283.07,2019-06-29,Debit
c47b654f-94bf-4637-b2ef-210adb105d47,Christine Mcgee,Elizabeth Munoz,58.01,2023-02-07,Debit
fbf7d9b3-182f-483b-9b6e-d751a09cc625,Robert Johns,Austin Lopez,32.51,2022-09-08,Credit
4bf8a492-0162-49f2-9fde-c60c0e64b6b5,Scott Powell,Amanda Young,214.95,2024-07-04,Credit
12b18f6f-fe7c-4993-9b5d-225f8a7927ac,Richard Bell,Katie Williams,452.03,2020-06-04,Debit
e9b864cd-5165-42dc-97f7-ae6c3c7411e9,Mr. Stephen Jarvis Jr.,Stephanie Webb,333.3,2021-07-18,Credit
14389dca-a031-4ff1-81c3-1db751debf62,Bradley Rodriguez,Jonathan Spencer,357.27,2016-12-22,Debit
68bf985f-3392-43ec-82eb-c11d4a7582d5,Kathleen White,Linda Higgins,973.92,2016-05-20,Credit
d309faf7-a90f-4d3d-ac22-e90cb7d5487a,Tracy Parks,Michael Moran,690.6,2020-01-17,Credit
808793c7-db1c-42ed-902a-ea90633473c0,Katherine Jennings,Heather Duran,820.11,2019-12-07,Credit
ceb31f4b-150e-482f-83cf-00db6a1a9243,Breanna Cook,Stephanie Webb,520.4,2016-05-21,Credit
92f5741d-a5c2-44bb-97c1-8f500b52422f,Susan Wagner,Paul Brown,911.02,2022-05-05,Debit
85a483a3-ad24-4daa-bdcf-64aab6fe46e6,Susan Wagner,Andrea Hernandez,360.73,2023-08-30,Debit
38ff0841-0d34-4b2e-ac07-ac24b3431986,Justin Rodriguez,Paul Brown,113.76,2018-03-23,Credit
bcd8df42-b56b-4c31-8308-f4e35a11b8cd,Gina Thompson,John Martin,673.33,2016-11-06,Debit
df75f777-2f73-4491-bfac-cb01ed076230,Bradley Rodriguez,Andrea Hernandez,281.04,2022-04-26,Debit
63b95bd6-cd5c-4024-929d-b07f79cd1e9c,Robert Garner,Richard Harris,527.07,2024-11-09,Credit
868ef372-23e3-4423-a5d4-2eaef487d291,Robert Garner,Colin Gates,606.89,2022-11-21,Debit
ba5e3cfc-8173-4ecb-bd70-921264f92515,Mr. Stephen Jarvis Jr.,Amy Davis,330.22,2017-09-08,Debit
8ef2a2fa-51bf-4e8f-95d8-07b8be47b04b,Susan Wagner,Alex Jones,522.7,2021-07-06,Debit
18bce343-f867-401f-9eb6-2b97e1439e5d,Jill Wilkinson,Matthew Tyler,672.13,2021-08-08,Credit
6100f8fd-052c-4e58-a049-c4afbe3be78b,Gabriel Peterson,Kevin Watson,360.33,2019-06-18,Credit
9695b30f-6355-4bc8-b93b-2022921d782e,Hunter King,Elizabeth Munoz,229.07,2016-12-19,Debit
787e11ba-d65a-4148-aa28-d89e6229217e,Jesse Kelley,Henry Smith,954.9,2024-08-29,Credit
a07e60e1-49b3-4303-bb82-1c0aad993993,Dustin Johns,Austin Lopez,854.65,2024-09-06,Credit
2799a7b0-2248-4dcf-8788-7c1e5e3b41e6,Mrs. Cynthia Hernandez,Denise Turner,495.85,2016-10-04,Debit
796d94f5-0bc0-4034-bcf0-0154093dfb20,Gabriel Peterson,Stephanie Webb,601.77,2015-03-31,Debit
853f79e0-88b1-448b-815e-084c3bb27e80,Christine Mcgee,Donna Duffy,90.65,2023-04-22,Credit
1d6672c3-656b-49c2-8a72-4e3e61f0f5ef,Robert Johns,Henry Smith,330.43,2020-12-30,Debit
38008722-59ba-44ee-bcd4-8bfe7140e7c4,Anthony Smith,Kevin Watson,172.1,2019-02-12,Debit
f7b35fd5-90d7-4162-a967-3d12a94b2942,Anthony Smith,Kimberly Reyes,158.79,2020-12-17,Debit
e43762e9-b735-40a0-8e02-5207cc0a9b22,Jessica Rios,Rachael Green,67.23,2024-03-28,Credit
fa7d9858-d5e4-47e0-a6c4-ef579b496643,Dustin Mckee,Rachel Woodard,247.36,2019-08-26,Credit
fd055d12-0104-40a6-b996-7bd3b0dc93a2,Gina Thompson,Brenda Gonzalez,629.89,2015-07-11,Credit
7a65f6fe-10a5-4176-9c5c-bca34ff28572,Breanna Cook,Richard Harris,450.39,2020-06-09,Credit
e379a16a-24b8-41c3-8d61-c61d653ac597,Dustin Johns,Patrick Richards,970.35,2023-04-20,Debit
0b808424-b23f-4430-816a-7f79164e54bf,Linda Lee,Andrew Potts,816.27,2021-07-19,Credit
5b72d933-d47b-46b7-abe3-ec11a5384e1d,Darryl Crosby,Amanda Young,794.22,2020-05-24,Credit
af6eb41d-7724-4181-8c38-faa5a0849627,Tracy Parks,Elizabeth Munoz,753.68,2022-09-29,Credit
d864c328-91bd-41ca-af2f-50e45983960a,Cynthia Romero,Ryan Bender,501.33,2016-02-16,Debit
58eefb5a-c795-4302-bbba-71fd62970684,Mathew Pearson,Michael Moran,799.68,2015-10-26,Credit
0985c9e7-219e-4e97-b248-65b4acaca45b,Susan Perry,Kevin Watson,118.21,2022-04-27,Credit
146f45b0-02f8-4558-9f2b-f3ac0ca6fba3,Jessica Rios,Ryan Bender,688.54,2018-11-29,Debit
0791a658-fe1f-431b-8681-85f9588b50ca,Bradley Rodriguez,Patrick Richards,762.1,2022-03-04,Credit
d78cf3ae-82ce-4fcf-bc9c-eb1e202e6e9f,Richard Bell,Patrick Richards,120.51,2021-01-21,Debit
5f04a251-f81e-479e-ae26-3b0f44394d1b,Angela Lawson,Felicia West,896.09,2020-07-02,Credit
ee0e5548-2ee3-4a8a-90c9-54e5c016c896,Raymond Ramirez,Amy Davis,293.28,2017-04-19,Debit
deb8c3d3-230a-4654-88bd-dacc9c528573,Dustin Mckee,Andrew Potts,790.28,2015-12-03,Debit
8a1af7ee-49df-4868-ab3c-211456337892,Dana Heath,Christine Navarro,710.74,2017-02-26,Credit
bf6da29e-ae11-4f0c-b6bc-a3f2e42adce0,Scott Powell,Paul Brown,955.64,2025-01-03,Credit
aa91f3f2-af93-4479-8bc2-c8a28bf4982f,Gabriel Peterson,Felicia West,984.71,2020-06-16,Credit
4617e132-f5fd-4596-bdc6-7a98e3f274e9,Jamie Brooks,Mrs. Rachel George,663.96,2020-06-14,Debit
81299958-b9a3-4bf7-95cc-e5af57768653,Michael Griffith,Kevin Watson,646.22,2024-07-04,Debit
ed924881-d127-4fe3-a125-344b3655c937,Douglas Martin,Alex Jones,350.45,2022-05-11,Credit
78ecc640-b62f-4321-84a6-a6a4dd971859,Douglas Martin,Michael Moran,593.37,2021-03-06,Debit
d035c801-c8b8-4198-bae6-909aa4b30806,Justin Rodriguez,Rachael Green,175.78,2016-11-18,Credit
8ee4b2bb-5f21-4da0-971b-b63c70e1fe0a,Dustin Mckee,Michael Moran,644.33,2019-08-23,Debit
775c53db-bfb3-4da0-b3d9-5be0a10988e8,Dana Heath,Michael Moran,297.94,2019-10-09,Credit
98326850-5aff-454b-b8a6-cbb06bb7aa32,Bradley Rodriguez,Amanda Young,649.16,2022-03-25,Debit
a7723ad1-7d5b-4c0c-9a8a-8ac37ee1bef4,Scott Hansen,Robert Perez,422.97,2018-09-09,Credit
7144af86-faad-45ed-a14c-22473ef7ca9f,Katherine Walsh,Pamela Wiggins,718.29,2019-02-16,Debit
fc495d3b-0cf2-4ca0-bc38-88074482568c,Andrea Leach,Christine Navarro,679.45,2017-09-17,Credit
e912ccb3-55db-4a37-8568-bc1a5d44bb9e,Jamie Brooks,Natasha Powell,455.62,2021-10-11,Credit
97e4b1a2-39f5-4ac7-ab6d-89e1b8045de3,Jessica Rios,Brad Snow,659.81,2024-07-17,Debit
f7e58092-28eb-4bbd-85d4-4f72f749e4e0,Andrea Leach,Jesus Melton,898.59,2019-10-28,Debit
04e396f0-91cd-4861-ba81-002dafd5df84,Jeffery Taylor,Rachael Green,509.74,2017-01-08,Debit
dbccd9c9-e84c-46bd-8af6-77d38f8577f0,Bradley Rodriguez,Stephanie Anderson,132.71,2019-07-01,Debit
d24a8923-e7bd-46e2-8326-dfedc807536a,Douglas Martin,Felicia West,164.89,2018-01-17,Debit
b078d5b2-cf9a-493b-93f4-843b6976dc5a,Michael Griffith,Jesus Melton,951.83,2023-09-24,Credit
34778c26-572a-4f45-ad0d-c99250aa807e,Jessica Rios,Richard Harris,107.99,2021-10-23,Credit
b72219c8-5ad9-4099-a0a5-6cafc2260438,Jill Wilkinson,Colin Gates,524.55,2021-09-19,Credit
499bdaad-bfba-4f79-88a6-ea1d84a98013,Angela Lawson,Natasha Powell,219.45,2018-08-03,Debit
c7da4b90-6658-4f23-a469-f61f3bcb4f7e,Scott Powell,Alex Jones,834.53,2021-10-02,Credit
433182e6-6e53-4213-b2d8-187e3c94a870,Emily Smith,Richard Harris,523.76,2019-04-24,Credit
abd677f4-a095-4b1d-a569-3452b9c12326,Mr. Stephen Jarvis Jr.,Sonia Morales,295.34,2024-11-17,Debit
aafdccb0-d938-4e3b-8aec-d1b4db02653e,Hunter King,Rachel Woodard,417.32,2019-04-27,Credit
0b135a69-25af-4aea-bdbc-a967f9f822b3,Tracy Parks,Brenda Gonzalez,934.48,2016-07-14,Credit
5622a154-e1bd-430c-ad16-de2c88d408fc,Anthony Smith,Andrea Hernandez,94.8,2017-08-20,Credit
20e33a1a-1d69-4f49-b5b4-c78db4203ab2,Angela Lawson,William Ruiz,627.71,2018-05-24,Credit
a6fbe012-4468-46ad-a4f6-cb564128a9b5,Sarah Blanchard,Linda Higgins,573.39,2021-08-01,Credit
b18160c0-48a1-4146-98de-c9902d6c0fcb,Melissa Lamb,Natasha Powell,296.44,2018-03-28,Credit
5588ff9e-968a-4e9f-9309-a8ef20bb9266,Emily Smith,Evelyn Hall,734.06,2023-09-28,Credit
a8fa627a-b388-40dd-99e5-22558cc7304c,Gabriel Peterson,Elizabeth Munoz,21.47,2023-08-19,Debit
f8e7ebed-00c3-4d9d-b403-caac234fdf85,Susan Perry,Alex Jones,988.42,2017-03-21,Debit
79030267-6727-4660-9230-460ca6aa34e5,Jennifer Roberts,Denise Turner,741.61,2021-10-20,Debit
0444f6f1-f850-4116-820b-e18199496281,Bradley Rodriguez,Elizabeth Munoz,48.41,2019-11-28,Debit
fe6f48cf-b89f-41d4-8a60-3799414d8519,Daniel Harris,Austin Lopez,788.24,2021-10-05,Credit
23e2ebe8-7a78-4023-bf2e-2b20b0ea97df,Robert Garner,Brenda Gonzalez,389.65,2018-01-12,Debit
1089e771-d1b6-4e15-bb14-77cfaac217bb,Connor Bishop,Christine Navarro,638.22,2023-05-09,Credit
14dac030-fda0-4fea-8e5c-d3bb6ca36eb0,Amanda King,Christine Navarro,923.53,2018-07-16,Debit
de5b0fd8-a231-4f1a-b424-5dc770781343,Katherine Walsh,Evelyn Hall,999.4,2015-08-10,Debit
9f11e60b-c66d-48b8-a13c-cca835882fae,Amanda King,Robin Bolton,869.03,2020-01-25,Debit
612ddb8e-ce8a-477c-86f6-b6150834186f,Catherine Morris,Natasha Powell,326.93,2019-09-06,Debit
f7d56f7e-26eb-4ea7-80d9-5f2f34950f1a,Sarah Blanchard,Matthew Tyler,481.82,2020-09-23,Debit
77733475-e6c0-4727-8d37-36818ebb6e30,Anthony Smith,Henry Smith,451.38,2020-08-27,Credit
cfd3710d-de79-4168-89f0-4a576bb102b4,Adam Stephens,Rachel Woodard,950.49,2018-11-19,Credit
d69ca5bc-b68b-4665-888f-354b883c3af0,Christine Mcgee,Katherine Harvey,298.31,2021-01-29,Debit
92580c63-de23-4a50-9af2-5029282b5da0,Amanda King,Robin Bolton,73.06,2016-10-07,Debit
a8bdb630-72ab-49ac-84b6-5238901e94ca,Breanna Cook,Felicia West,360.05,2020-07-17,Credit
0fd7f903-3606-4816-aa65-198a11c6d8d4,Scott Hansen,Dale Conway,888.75,2020-09-22,Debit
c3b983e4-0a45-4d46-9f86-0dbfd3658859,Michael Griffith,Patrick Richards,747.45,2020-01-04,Credit
06421ba5-034c-4804-b4b2-f577f8969200,Scott Hansen,Katherine Harvey,187.9,2022-07-19,Credit
655f0a7d-84f5-4fae-8408-6048c0928d28,Jessica Rios,Dale Conway,172.59,2023-11-19,Debit
ccf58f4f-4730-4f5c-bd41-ef7b62f7d380,Jill Wilkinson,Dale Conway,568.27,2024-06-03,Credit
21c594aa-678b-4fb2-b540-cc597c8824fa,Anthony Smith,Amanda Young,95.57,2023-10-12,Credit
ce37a8e2-1d92-4ca3-9dda-7106238576d5,Susan Perry,Dale Conway,745.27,2019-10-25,Credit
91cf4d77-d30a-47a9-ae7b-381fd75d7d44,Darryl Crosby,Alex Jones,91.28,2019-01-10,Debit
bcc84abc-9947-4997-a7f1-6247fb8fff2a,Jonathan Fisher,Robin Bolton,545.87,2016-02-20,Debit
29a0b45f-754c-4a9d-bdff-03bbc1e94ce9,Jesse Kelley,Ryan Bender,975.23,2024-09-04,Credit
0ee32450-bd51-4af7-8b12-facf0008ed63,Scott Powell,James Pierce,747.26,2015-10-21,Debit
11c5ce32-2675-4d01-ba0b-fa8ef1af641c,Scott Powell,Ryan Bender,496.55,2020-01-04,Credit
551146bf-d84a-4c41-85df-01a875da68f9,Breanna Cook,Kevin Watson,821.54,2021-06-20,Credit
441ed1be-cf0d-4478-baa9-28907b051560,Robert Johns,Yvonne Ford,688.78,2015-07-16,Debit
a4accc6f-8a45-4547-a1af-0ce648371790,Dustin Johns,Brenda Gonzalez,443.87,2021-11-03,Debit
15272b62-daee-4347-b322-98d52b317080,Douglas Martin,Patrick Richards,270.19,2015-05-03,Debit
7d02bd0a-fe2a-4ea2-b575-5c1dbcae4d1a,Cynthia Romero,Donna Duffy,118.22,2016-09-08,Credit
d7113931-4222-4afd-aebb-0f6490c933b2,Raymond Ramirez,Mrs. Rachel George,505.18,2017-05-26,Credit
cc2612f8-c125-49f7-8ea0-7e7524143b4f,Kathleen White,Sonia Morales,28.62,2023-07-18,Debit
5c2c88ba-57f9-4227-9b18-c9dc10bdc6f1,Mr. Stephen Jarvis Jr.,Alex Jones,157.93,2024-06-17,Debit
65fd4929-a6fa-43af-9c50-14e2f22ae502,Sarah Blanchard,Patrick Richards,41.69,2023-05-04,Debit
87182d80-fb4a-49ff-9f5e-992c3e84363b,Bradley Rodriguez,Robert Perez,677.56,2016-12-16,Debit
fb27e311-ffb9-4a07-8bac-115a5423050b,Jonathan Fisher,Andrea Hernandez,837.08,2024-04-19,Debit
346d6e12-5b2a-424f-a78c-e8b894f1335d,Angela Lawson,Katie Williams,579.74,2024-01-05,Debit
71511b79-09d8-4545-854b-01e03115c220,Emily Smith,Ann Barnes,710.35,2016-04-08,Credit
0968f2ee-54cf-48d7-8126-579869e73121,Mrs. Cynthia Hernandez,Austin Lopez,855.89,2023-05-29,Credit
6cac6cff-2850-4948-9c96-e854236639af,Kathleen White,Bruce Delgado,765.31,2022-03-21,Credit
adb705f7-f8b7-43b2-9844-07455f3de3df,Douglas Martin,Robin Bolton,623.25,2018-10-30,Debit
36225bf1-7469-474a-ad7d-ae26f47706b7,Catherine Morris,Joshua Vega,643.04,2021-12-22,Credit
9705f6af-fc0f-49d0-863c-25b8e3eab4b4,Mr. Stephen Jarvis Jr.,Patrick Richards,705.85,2015-07-26,Debit
7a1a0882-8506-439e-b49e-0f3d585a886d,Catherine Morris,Bruce Delgado,991.75,2017-07-30,Credit
f1b14c45-3c12-4e7d-899d-eac4132df038,Scott Hansen,Mrs. Rachel George,708.65,2015-09-08,Debit
77360efe-9898-46ac-9aca-22e49b5cdaf3,Dustin Johns,Yvonne Ford,623.33,2018-10-05,Debit
62c54c07-c48a-4e02-a480-87e3e776d3a4,Anthony Smith,Brad Snow,347.04,2022-11-15,Credit
22500cf2-843e-406d-977c-f4e7dcb089f7,Connor Bishop,Jesus Melton,986.27,2018-07-18,Debit
7d155283-d8d9-4ef5-be58-b12252507083,Susan Perry,Christine Navarro,600.99,2024-01-02,Credit
fcb7bbb0-d626-41ef-a1b3-7915fd9a82f5,Connor Bishop,Dale Conway,373.95,2019-01-29,Credit
57182b6c-e0b3-48a6-a825-2518d78d9a7c,Dustin Johns,Andrew Potts,963.35,2017-05-09,Credit
371e8862-9988-4969-a9da-3dbeb709d547,Adam Stephens,Paul Brown,767.78,2021-02-13,Debit
64db037a-7b45-4d1a-8027-025711699aef,Susan Wagner,Troy Harrison,368.95,2021-04-14,Credit
2aab8030-d832-4b52-aee7-1350532c2314,Connor Bishop,Henry Smith,636.17,2018-05-21,Credit
348ae2a2-5e7b-4498-9dbf-37e6789fc5cf,Susan Wagner,Ann Barnes,768.32,2017-11-10,Credit
84bc38fb-618a-4960-85e8-3f84d59c4188,Katherine Jennings,Christine Navarro,860.35,2018-09-03,Debit
b736aea2-66d6-45d5-a70f-09c8ea573109,Adam Stephens,Natasha Powell,923.06,2019-12-26,Debit
39a84741-1f16-4204-a881-7ea2cf20e969,Dana Heath,Rachel Woodard,552.66,2015-04-12,Credit
2b9fe206-aab4-4153-a245-167b71e8bf55,Justin Rodriguez,Christine Navarro,604.3,2020-10-22,Debit
9d9787bd-1c22-4a40-95fc-7c80f3ee3e18,Scott Hansen,Michael Moran,286.94,2024-12-09,Debit
949d2daf-223a-4cfa-8935-86e7a33a3c8b,Jessica Rios,Elizabeth Munoz,926.02,2021-09-12,Credit
27c707d2-8a2d-437a-94db-3a50a179dfea,Cynthia Romero,Joshua Vega,301.83,2016-01-10,Credit
c5953ff7-5941-415e-9c1d-f900a9d54c4a,Scott Powell,Ann Barnes,148.74,2019-08-04,Debit
ab63fbb0-67bf-4471-8207-3d2e23b6c8ee,Mr. Stephen Jarvis Jr.,Paul Brown,452.05,2015-09-14,Credit
caf0461d-4c80-41d3-85e5-66d7c564d780,Gina Thompson,Katie Williams,429.48,2018-10-06,Credit
e5986ed9-bafb-4b48-8151-e54647e59237,Bradley Rodriguez,Paul Brown,216.29,2018-07-05,Debit
e0adf2fc-c5a9-4e9c-a587-c0733c5d3d7e,Daniel Harris,Christine Navarro,997.88,2015-09-22,Credit
1f5d71aa-fe42-4d34-aa75-a2d515d343e2,Scott Hansen,Kevin Watson,433.45,2018-07-19,Credit
0f37f40e-90d4-4a8d-9d6e-4dbd2b4c0637,Gina Thompson,Bruce Delgado,27.84,2024-04-22,Debit
7c1067c6-d144-4639-8182-f238fb7349a7,Dustin Johns,Ann Barnes,858.14,2017-04-02,Debit
36187e93-238f-4b88-94a3-2032bc520c26,Kathleen White,Kevin Watson,560.3,2016-05-05,Debit
7399317c-9e4f-40f1-8528-5774fffc4bce,Sarah Blanchard,Elizabeth Munoz,256.67,2015-12-13,Credit
94ca6224-9887-4593-bacb-a90bd349dd47,Andrea Leach,Rachael Green,552.61,2024-01-09,Credit
d31a939e-6ce8-49e4-9afc-3a2e418848f3,Jennifer Roberts,Ann Barnes,490.33,2021-11-22,Credit
0685bf24-3837-4e0a-b566-6dd42d499fa0,Robert Garner,Linda Higgins,446.13,2019-11-14,Debit
924d2b31-a117-4116-b5a2-01ff5011ad1f,Mathew Pearson,Troy Harrison,632.39,2023-05-03,Debit
37ce0628-1ac5-4df5-9d0c-5890c7d22630,Jill Wilkinson,Donna Duffy,851.25,2021-04-29,Debit
792b51ef-bfe4-4c30-8b5a-3616ff1dc592,Mathew Pearson,Troy Harrison,484.07,2019-12-25,Debit
6053ce1e-dcb5-4d5e-bc67-d0a4abfea1f4,Jonathan Fisher,Heather Duran,84.48,2018-03-02,Debit
5b1886c0-858e-49d2-a161-04412185e9e8,Dana Heath,Andrew Potts,274.07,2016-04-21,Debit
a32bdaaa-aab5-4624-8044-d5e61eb5390c,Dustin Johns,Evelyn Hall,674.64,2019-05-20,Credit
60011cd5-9221-4805-ab5a-b91ae2ac14ae,Bradley Rodriguez,Amanda Young,466.08,2023-07-27,Credit
4f868405-3ca7-4418-b55c-e77aedbbfe23,Susan Wagner,Jesus Melton,20.79,2024-06-28,Debit
e397ad9f-bdec-4b92-80ba-90fb964cd982,Bradley Rodriguez,Yvonne Ford,391.5,2019-06-05,Credit
994ee18f-3031-437f-ad1f-5eff307c9aff,Douglas Martin,Denise Turner,970.1,2016-09-13,Credit
945f655a-9aed-41b2-bd5b-831a399c629c,Catherine Morris,Sonia Morales,743.6,2016-09-29,Debit
346f7a52-20db-46df-95fd-d3bdd6bc37f6,Daniel Harris,Katie Williams,736.12,2022-11-20,Debit
64506178-c4e9-4066-95c9-2c681dbacc47,Daniel Harris,Natasha Powell,448.71,2020-01-12,Debit
d7f76abc-8804-4a0e-ada8-5dd4aada07c5,Adam Stephens,Ann Barnes,300.96,2016-02-18,Credit
48f49642-a231-49f1-a911-a45f96fcc219,Hunter King,Amy Davis,185.8,2020-03-21,Credit
78e3e751-707f-469e-8b49-b023545210a2,Michael Griffith,Patrick Richards,932.4,2024-10-21,Credit
cfa2dda7-26a8-4c32-91ed-aa840880aca8,Mathew Pearson,Amy Davis,687.4,2020-03-22,Credit
94ddf3dd-938f-41a4-8a68-89dc5c529655,Jeffery Taylor,Ryan Bender,41.0,2017-11-19,Credit
de9d8efc-6437-427a-af02-d1d22a00f1f9,Kathleen White,Sonia Morales,324.0,2022-06-21,Debit
c7c712d9-f6b2-4779-869d-7744967a9534,Jessica Rios,William Ruiz,469.24,2017-09-14,Debit
2bfaa53d-78a9-4d29-8626-06017b570633,Dustin Mckee,Ryan Bender,733.05,2022-04-19,Credit
a3b68a6e-e9ce-4398-8174-9c053da06d61,Mrs. Cynthia Hernandez,Christine Navarro,121.92,2023-12-06,Credit
4cb00dbe-e501-4649-a164-133ecd7a791f,Dustin Mckee,William Ruiz,566.88,2022-04-25,Credit
6285f9d0-46bd-4ed0-a30a-0eee3072e833,Cynthia Romero,Dale Conway,407.98,2020-03-14,Credit
0bc6428f-fa10-47ee-a703-32172c3f6274,Mathew Pearson,Yvonne Ford,573.8,2021-11-01,Credit
eefa47b4-3825-488b-a229-270ad288843d,Connor Bishop,Evelyn Hall,695.37,2018-05-24,Debit
2b7645e4-1616-4bb1-9c3a-d872a44a3ebc,Susan Wagner,Brad Snow,756.54,2018-10-26,Credit
18067221-a161-4316-b7d1-c7b8228703a6,Susan Perry,Troy Harrison,257.37,2016-07-26,Debit
b443abb2-3bf8-4663-8df3-5a94ebf1f922,Andrea Leach,Katie Williams,962.89,2015-10-02,Debit
d8073b9f-fba4-40b4-be4c-45219b02c27b,Robert Johns,Yvonne Ford,654.2,2021-11-02,Credit
949e5f30-9d34-4f9a-ac27-a3e0dc930abf,Melissa Lamb,Ryan Bender,699.44,2018-03-29,Credit
eab8e984-4ef4-4d6e-9730-79a702c8caa1,Angela Lawson,Michael Moran,99.98,2021-10-06,Credit
857bc3ef-e6e8-4c3b-a15f-21fb418f41d1,Mr. Stephen Jarvis Jr.,Joshua Vega,41.15,2022-10-25,Debit
ff0b3e4a-991b-4bf6-900f-d53073552747,Angela Lawson,Jesus Melton,348.43,2016-02-28,Debit
5d493854-6eb4-4527-aaf9-ee11b5d7a845,Connor Bishop,Troy Harrison,648.36,2016-02-18,Debit
f8e28c76-4636-48c1-a31d-451a71d24e35,Jeffery Vargas,Kimberly Reyes,521.04,2018-07-28,Debit
ce2c27bd-5955-4526-81f0-cddb5836f52d,Justin Rodriguez,John Martin,841.36,2018-07-29,Credit
59502729-9e83-4d96-aa57-586b4316a821,Jessica Rios,Ann Barnes,317.69,2021-07-29,Credit
eaa52415-ca4d-495f-908e-5cece8206f87,Jamie Brooks,James Pierce,105.9,2019-03-18,Debit
b3746034-7f5b-497a-adab-996ff0eda66a,Dustin Mckee,Heather Duran,398.18,2024-05-02,Debit
2fcba4d9-714d-496a-9dbc-11819df0fe82,Kathleen White,Amanda Young,830.23,2022-10-11,Debit
5ffdf775-01f3-4117-a711-34886fda46a0,Amanda King,Henry Smith,659.49,2019-09-04,Debit
271134da-43e1-45bd-819c-97f2e40f5b2b,Raymond Ramirez,Patrick Richards,677.23,2022-11-15,Credit
a9c4c22b-e9bc-4b09-9c59-da751f0d54d0,Jonathan Fisher,Matthew Tyler,199.84,2023-09-04,Debit
e8a57746-5520-4e8d-80cd-16a50ebf9c1f,Jeffery Vargas,Brenda Gonzalez,106.96,2023-12-23,Credit
a7b0e59b-bd53-46c2-9023-685de96b2893,Susan Wagner,Felicia West,826.95,2023-05-18,Debit
9be5623a-960b-463c-accf-2d546421db1f,Linda Lee,Brenda Gonzalez,775.0,2015-06-07,Debit
3c4b98ee-4ff9-4bcd-a594-0a9e2e6bc0ac,Gabriel Peterson,Matthew Tyler,597.15,2016-12-24,Credit
a0e46410-89d5-484f-a906-8e3bec06a4f2,Douglas Martin,Henry Smith,172.31,2016-01-14,Debit
76103817-cb07-4064-8b34-9d5a1a94b3d7,Jeffery Taylor,Henry Smith,533.21,2017-08-17,Debit
0611d2af-0a58-47bb-ba73-d25c778ffb2f,Scott Hansen,Mrs. Rachel George,702.09,2019-02-03,Credit
beaba06e-1ad0-4640-88ce-29179921efc1,Jill Wilkinson,Jonathan Spencer,225.82,2024-07-23,Debit
1a92d62c-0fa9-453c-8277-6718807691fe,Michael Griffith,Matthew Tyler,452.12,2017-10-09,Debit
cf696ecf-52df-47bb-985b-cf5e1defdb93,Jeffery Taylor,Rachael Green,765.42,2023-10-20,Credit
9be1db58-cba7-48e1-812d-2902ce4fc8af,Robert Johns,Yvonne Ford,269.59,2017-11-25,Credit
cd26ffcc-42b2-4ef7-9449-0cb6f7fc0c5e,Connor Bishop,Rachael Green,60.36,2024-04-05,Debit
7d3dac85-e950-4e00-bdf7-a7ddbe4aa271,Angela Lawson,Kimberly Reyes,576.18,2015-06-05,Debit
fcb6d7ca-bbfb-40a2-8bb0-f91007fdf265,Melissa Lamb,Jesus Melton,633.36,2021-06-06,Credit
e3fed561-9511-40c3-8947-01d7f6a91e67,Michael Griffith,Natasha Powell,86.7,2022-11-08,Debit
cf7bfbf0-96aa-4e84-8502-208f36b356f2,Emily Smith,Donna Duffy,343.19,2022-08-01,Debit
977df625-e83a-450c-a2b1-191743d89f95,Susan Perry,Ann Barnes,984.53,2016-07-21,Credit
105b07a8-4c12-406e-81a7-f5d3aad26497,Dustin Johns,Amy Davis,299.35,2020-09-02,Credit
940c4a2a-bebc-42cd-b0e5-a25239050fc5,Richard Bell,Katherine Harvey,136.0,2020-12-10,Credit
e81efb57-8274-4322-96fc-ce8467d2d529,Raymond Ramirez,Samuel Smith Jr.,519.68,2018-10-07,Debit
196df1ca-01e2-4908-a598-8acd0c2c7c8b,Richard Bell,Natasha Powell,517.78,2024-05-01,Debit
cfd814b5-4e24-4211-b066-08a5a3abea72,Scott Powell,Andrea Hernandez,463.82,2023-05-02,Credit
ddd3ca0b-b499-488f-a793-da0d33e76592,Richard Bell,Dale Conway,802.81,2019-12-06,Credit
9ef54522-8ce4-47c0-b047-56afc840c374,Jeffery Vargas,Linda Higgins,268.25,2017-02-09,Credit
5e50d5a9-e9dc-4011-9ef6-3f1d29748564,Robert Johns,Christine Navarro,595.96,2015-05-06,Debit
94a77264-e282-4728-ba33-7b5f584ce13a,Catherine Morris,Brad Snow,899.26,2021-02-23,Credit
b3839d5c-0df7-4b92-86c0-362f5f3f4028,Emily Smith,Alex Jones,55.41,2023-12-29,Debit
5b61203a-a36b-4c25-998c-f64b7dc9d885,Catherine Morris,Brenda Gonzalez,702.39,2021-08-09,Debit
64af01d7-a951-4503-9fc7-210481d6dd1e,Scott Hansen,Michael Moran,80.01,2021-05-31,Credit
ed8386d8-7af6-4e50-85aa-e980f054d79d,Michael Griffith,Katherine Harvey,475.38,2016-04-04,Debit
3ef1b859-1a16-4607-971a-b7985e3b091d,Angela Lawson,Denise Turner,556.4,2019-10-19,Debit
8be0619e-84b4-4e9d-8a4b-6f53b7554582,Courtney Jones,Dale Conway,861.5,2020-01-13,Debit
b8f0d098-7243-4844-a833-2c32904417c0,Gina Thompson,Denise Turner,380.92,2019-05-28,Debit
01166597-0808-4db9-a41b-cd4cb3fef878,Courtney Jones,Brad Snow,791.7,2024-08-29,Credit
e609a4a6-bbbf-49e6-9e4e-1d871c44a967,Hunter King,Austin Lopez,788.8,2018-09-12,Credit
28ad8ae2-00ef-415e-946c-0155ea36cf9a,Jesse Kelley,Paul Brown,822.02,2015-12-27,Credit
c62fac16-93a2-46d7-9321-5b83c0a36dda,Dana Heath,Katherine Harvey,124.94,2015-12-10,Debit
f890c965-fe33-47ce-92e7-e70f9e151ae2,Scott Powell,Evelyn Hall,879.91,2022-05-17,Debit
818c201b-0cc5-4a45-937d-542983219641,Cynthia Romero,Stephanie Webb,706.67,2022-02-06,Debit
91236525-0240-4c7d-816a-b632348bdbf2,Katherine Jennings,Heather Duran,318.62,2021-09-09,Credit
6bd92641-995b-4cec-8e16-fdcc18c9cb6c,Adam Stephens,Robert Perez,648.34,2022-05-20,Debit
8b416fcf-d35d-46d3-aca5-1839d8364f20,Daniel Harris,Rachel Woodard,656.06,2018-06-10,Debit
687fc311-b8ed-41a3-859a-3b6d00f74e85,Emily Smith,Brad Snow,693.27,2017-07-02,Debit
39c87843-6fa8-45bf-954d-8a9cf590b87d,Jesse Kelley,Yvonne Ford,174.25,2019-02-08,Credit
6f636f03-912b-4fa3-b286-53d1337120a2,Jesse Kelley,Henry Smith,270.67,2023-10-07,Credit
736e3794-8329-475c-8c88-79e661228c06,Michael Griffith,Elizabeth Munoz,857.78,2020-08-30,Debit
0d82c990-984f-4553-8983-3bea0b378324,Richard Bell,Katie Williams,545.47,2015-03-30,Debit
4a717e30-8534-489d-b818-f7c0d0be8c73,Richard Bell,William Ruiz,920.66,2024-11-06,Debit
03f27f2e-e716-468a-a65c-aec37cfa1079,Jennifer Roberts,Richard Harris,971.95,2022-10-02,Credit
dc5728e1-5b0c-4527-8dea-79adc870816d,Susan Perry,Michael Moran,729.27,2021-06-10,Debit
2c3c4f2c-4c0a-41b6-a887-e0381245241c,Hunter King,Natasha Powell,205.93,2019-04-05,Credit
74881794-2a0b-4203-8d90-a9b5ae80be45,Jamie Brooks,Pamela Wiggins,950.11,2021-08-08,Credit
4558645f-b5ff-47f4-a2fa-bbef85ecd600,Jessica Rios,Samuel Smith Jr.,757.95,2017-02-21,Debit
015fdb83-246b-4f49-90f2-118bf4dc9be9,Catherine Morris,William Ruiz,395.83,2021-01-12,Credit
9b288128-0aaa-429d-b03f-5a3f58bab711,Linda Lee,Michael Moran,722.96,2017-02-21,Credit
f5388e20-dd09-4c0b-a399-4bd5b164905e,Michael Griffith,Alex Jones,918.51,2023-10-22,Debit
d5e3c360-a1a1-4d11-b41b-79fd4fe63dee,Kathleen White,Jesus Melton,919.02,2015-07-17,Credit
dbf8b33e-abb2-49d4-a7b7-107332dec45f,Susan Wagner,Patrick Richards,274.82,2021-05-20,Debit
9cdc7110-704f-481b-8377-1baa502643d8,Emily Smith,Samuel Smith Jr.,724.8,2015-11-25,Debit
6ed1a889-ee1a-4c8e-9174-e9ec56517a56,Daniel Harris,Bruce Delgado,555.79,2017-11-27,Credit
5c3bd22e-9057-4150-9e74-c76ee438ce99,Tracy Parks,Mrs. Rachel George,901.75,2016-02-29,Credit
0f969030-2206-4a45-b062-c81ffc9674b6,Andrea Leach,Linda Higgins,945.07,2018-01-19,Credit
29881a99-e0be-4ec4-a4bb-f2d73b912d5a,Connor Bishop,Donna Duffy,856.57,2024-05-18,Debit
834e0f11-cf68-4612-84c5-8264054e5702,Gina Thompson,Robin Bolton,497.59,2024-07-27,Debit
b7570dbb-c99f-40fc-bb4c-c9429e7ca04c,Raymond Ramirez,Stephanie Anderson,211.63,2018-12-08,Credit
3d98c1e9-8f98-4e9b-b81a-3f0cec2475b0,Tracy Parks,Richard Harris,581.2,2017-07-23,Debit
641fd89c-e5f3-4670-8672-5669fdf37a12,Adam Stephens,Robert Perez,569.89,2015-05-10,Credit
2c4fba7a-8c9a-4dff-804b-2b2dcc3ea739,Raymond Ramirez,Troy Harrison,359.54,2017-09-07,Credit
1d1ef8e4-ee0d-41eb-bba6-a0904064eff8,Bradley Rodriguez,John Martin,247.31,2023-04-22,Debit
6803b68e-f4b5-4acd-a4c5-ae32e5530e94,Cynthia Romero,Katherine Harvey,615.59,2024-03-17,Debit
f3590b10-80f2-4245-b75f-f4c8f3e6f14c,Sarah Blanchard,Brenda Gonzalez,394.0,2018-05-12,Credit
83fc42f9-076f-407e-8f0e-a1910a71c9bc,Breanna Cook,Christine Navarro,261.18,2018-08-13,Credit
e3aa56ad-9b2e-4a00-931c-35366cd1598e,Robert Johns,Colin Gates,335.82,2019-06-10,Credit
d248f9a0-3963-4fda-a17f-a7157a697be3,Dustin Mckee,Robin Bolton,318.83,2024-02-05,Debit
b5d4653c-b10b-4e68-a79e-9655e2af34e9,Sarah Blanchard,Troy Harrison,691.55,2018-06-03,Credit
7664d9da-366f-41ae-89d1-679b413afd81,Gina Thompson,Donna Duffy,620.85,2024-02-08,Credit
9e0f1595-fb6e-43da-ba2c-3916e7c1a48a,Cynthia Romero,Paul Brown,598.86,2019-05-16,Credit
afc55ed7-a8d5-4ef5-b8c7-9211fb9485df,Gabriel Peterson,Natasha Powell,617.06,2020-05-16,Debit
4c84ba0e-a25d-4a86-b310-e8c46d4d532e,Jonathan Fisher,Mrs. Rachel George,838.72,2023-11-29,Credit
fb68dbf8-4693-4a06-ba8d-82409c347afb,Adam Stephens,Kevin Watson,78.61,2019-09-14,Credit
40d6cbb4-30e2-4d27-9f97-52120ec9d11a,Susan Perry,Patrick Richards,124.99,2015-08-11,Debit
bee6c657-f526-4d69-a715-ca150b7eb806,Douglas Martin,Richard Harris,440.42,2020-10-31,Credit
dae64174-1137-4896-8163-7c622119bb75,Emily Smith,Ann Barnes,881.37,2017-11-04,Credit
95ce0e4f-c7c5-42b3-bf41-bbc32307f2bd,Raymond Ramirez,Michael Moran,716.55,2017-09-30,Credit
c74f0bad-fd2b-406e-a628-3d2bf12734dd,Breanna Cook,Andrea Hernandez,353.46,2024-07-22,Debit
2bdbdb9a-f0cc-41b4-80e3-a5e4e1094598,Gina Thompson,Stephanie Webb,293.47,2020-04-20,Debit
d6e3a6d0-d34a-4c38-abb0-230366ede52d,Richard Bell,Linda Higgins,65.97,2020-08-01,Credit
34ce69ab-8eea-4098-95ec-efdff550ac09,Michael Griffith,Brad Snow,717.76,2016-12-28,Credit
283398a6-9e16-4991-8866-b35f5357b2c0,Mr. Stephen Jarvis Jr.,Ann Barnes,412.64,2019-08-27,Debit
9a8eb135-326e-47a9-a949-d68ef3aae262,Darryl Crosby,Rachael Green,523.8,2015-05-30,Credit
5f5ce065-934f-46ee-881b-febf0ff95155,Susan Wagner,Troy Harrison,541.99,2015-10-11,Debit
747c0e27-e76d-4099-ba22-8aabdd187894,Catherine Morris,Rachael Green,162.42,2015-08-12,Debit
e48fb801-2faf-47bf-af86-d14214c34229,Andrea Leach,Troy Harrison,313.46,2025-01-10,Debit
565bde70-2bcc-45cd-9c76-a79f567c6349,Andrea Leach,Robert Perez,100.86,2015-12-02,Credit
597c1702-86b3-413b-9a68-43102dd4f55b,Dustin Mckee,Sonia Morales,371.71,2015-05-02,Debit
e410d021-8ff7-4cd1-ba25-8e3fea41ffed,Anthony Smith,Katherine Harvey,97.59,2016-12-15,Credit
9f4a38a2-3c06-4a14-a28c-305ea2534e5d,Justin Rodriguez,Patrick Richards,963.64,2023-05-16,Credit
8a62e624-d868-437f-a193-00ef5fc2ccb1,Andrea Leach,Amanda Young,244.85,2018-03-27,Debit
e1c12b56-b9ed-4663-998c-e543d9f6de58,Jesse Kelley,Yvonne Ford,114.51,2019-02-28,Credit
ed19a89a-e0b7-401c-93a0-6a75e4f36373,Sarah Blanchard,Austin Lopez,242.81,2023-10-02,Debit
fa4cec73-0eff-414c-8644-e12604270cd4,Susan Wagner,Bruce Delgado,565.88,2021-05-19,Credit
003a1ca3-b844-41d4-97d3-1c6ede99399d,Douglas Martin,Colin Gates,976.5,2015-08-05,Debit
a488f38c-3a00-409e-bf31-a2e9a4f1158c,Adam Stephens,Bruce Delgado,199.85,2022-02-05,Credit
f2f26b91-41cb-4ca4-8ea4-8e1010d58403,Hunter King,Kimberly Reyes,836.61,2020-08-28,Debit
2f8807ad-ac09-4c8c-9929-538526f6bfc1,Jonathan Fisher,Joshua Vega,656.49,2015-07-01,Debit
a604a30e-02b2-46f8-b2d2-606bed11f425,Connor Bishop,Austin Lopez,136.06,2020-11-09,Credit
4508ebf5-20c3-4566-a810-ae971f3aac6f,Raymond Ramirez,Stephanie Anderson,579.44,2019-10-01,Credit
2dcbc423-f7d5-43df-86e6-bf059718dfc1,Sarah Blanchard,Denise Turner,21.29,2025-02-01,Credit
fffe0586-f030-458a-a8ed-d4da20be9c36,Michael Griffith,Kevin Watson,274.95,2019-10-15,Debit
7396eeb4-8ac7-4468-9574-aa2d529a48d8,Tracy Parks,Andrew Potts,250.41,2016-06-16,Credit
11f412f9-120d-45eb-99cc-0fc3413f9077,Angela Lawson,William Ruiz,149.29,2016-01-06,Debit
201f91b0-1310-4df2-ab81-ea0350adc901,Connor Bishop,Linda Higgins,296.11,2018-12-24,Debit
5a06ccb7-993f-40d6-a9b3-1c2889646137,Mathew Pearson,Amanda Young,550.62,2018-10-21,Debit
13be4844-20ac-4f24-baf4-11971acbfd18,Robert Garner,Patrick Richards,23.83,2016-04-29,Debit
ba29ad3e-0c90-4773-adcd-ff9710a66498,Richard Bell,Patrick Richards,615.3,2017-12-11,Credit
fe49a2fa-49b0-4be7-9269-9f64381fc209,Hunter King,Elizabeth Munoz,567.64,2016-04-29,Credit
4a005040-53e9-4e73-90e4-348db708b7a7,Susan Perry,Kevin Watson,197.94,2021-10-19,Debit
35d4e1c2-9574-4c69-a1a1-3eeb9c41b085,Hunter King,Andrea Hernandez,650.22,2023-10-28,Credit
6e9d0d04-0df8-43e9-bac9-aa46a20b78f9,Mr. Stephen Jarvis Jr.,Denise Turner,762.49,2018-07-06,Debit
82af6beb-e33f-43b2-9b93-fecfdffbe89c,Susan Perry,Henry Smith,92.18,2025-01-15,Credit
8d90969c-420c-43ab-b46f-ec8876a0aa04,Jamie Brooks,Brad Snow,309.8,2020-05-16,Debit
ee0b58ea-d521-45b3-9bd8-9ba1b4e0f242,Michael Griffith,Ryan Bender,585.87,2020-11-15,Debit
d31240d4-4428-4b92-8205-efaf51910328,Jessica Rios,Mrs. Rachel George,78.25,2024-12-11,Debit
307b0d03-1414-49c4-8754-75768543563b,Michael Griffith,Mrs. Rachel George,359.97,2019-08-15,Debit
1fe63686-499f-434c-929b-93cd74e68cda,Gina Thompson,Ryan Bender,614.66,2015-10-17,Credit
fc16decf-3235-42c0-8cdf-356d4a27ae55,Adam Stephens,Alex Jones,707.62,2019-05-14,Credit
35bb3afa-0f3d-4a08-afc4-968e155d1aa9,Jennifer Roberts,William Ruiz,682.1,2019-08-09,Credit
ba65811b-258a-4a68-803e-9e45bcfaaf90,Bradley Rodriguez,Amy Davis,48.23,2020-06-10,Debit
1151440e-2c7b-4b06-a674-8c4bcc8fd7b9,Jessica Rios,Samuel Smith Jr.,980.53,2018-12-31,Debit
d6c19323-e180-4e62-83f6-1fbf34e97868,Tracy Parks,Troy Harrison,467.2,2016-02-03,Debit
091185f1-3de1-4856-b3ea-b6ddc37da3c3,Jennifer Roberts,Linda Higgins,201.25,2022-04-15,Credit
be40fba8-a970-449f-b4d2-2730de0125a4,Gabriel Peterson,Katie Williams,452.3,2017-09-06,Debit
90cb8e7b-59dc-42c3-9121-ece7d045239e,Emily Smith,Sonia Morales,989.4,2023-04-29,Debit
badeb9e2-d292-4a83-836d-4eccef414d5b,Gina Thompson,Amy Davis,809.82,2017-05-21,Debit
9b723455-00dd-4563-b9c9-29943ce6a3f9,Susan Perry,Dale Conway,645.71,2023-08-14,Credit
25fcace5-e47e-4209-9495-328174609201,Justin Rodriguez,Donna Duffy,652.45,2023-07-12,Debit
a5ec9948-23a2-48b9-ba23-9e9502fe02d1,Richard Bell,Michael Moran,103.56,2021-10-30,Debit
43559086-0668-4a83-90ec-11eba3aa4fa7,Michael Griffith,Troy Harrison,747.27,2018-10-08,Debit
0d648964-e5e1-488b-a7f0-4422ce2191d0,Jonathan Fisher,Patrick Richards,730.2,2016-12-29,Debit
12e2815e-fa0d-421f-b450-5e5380c5338c,Jamie Brooks,Henry Smith,811.99,2019-08-27,Debit
ed853d30-9fe0-439d-b2fa-b274c45655a8,Amanda King,Heather Duran,470.54,2015-03-11,Credit
2bd5cdd1-8af5-44e1-8baf-a1aaac45b2e2,Anthony Smith,Richard Harris,225.81,2024-10-03,Debit
ccb903fa-304d-4543-b166-727fb9014c2b,Susan Perry,Kevin Watson,761.14,2018-12-31,Credit
eb1896e3-2280-4d34-815d-ef5d892d315d,Richard Bell,Patrick Richards,902.18,2016-01-10,Credit
051a8991-c6b9-44fb-98d1-35769d5e9121,Jeffery Taylor,Felicia West,686.15,2022-06-10,Credit
5fe475a9-0d9e-4a36-8ce4-7549990ceb6e,Jonathan Fisher,Alex Jones,597.06,2020-07-27,Debit
af63c44e-6d83-4041-b111-867727a77f03,Kathleen White,William Ruiz,335.11,2020-01-19,Debit
a13b4f63-e7a7-4f50-8b63-d0a92db772a2,Adam Stephens,Troy Harrison,980.63,2020-09-07,Debit
52dc03f4-db24-4f1f-826d-a93b48c3552e,Jeffery Taylor,Andrew Potts,599.77,2022-05-04,Credit
761eefc0-23d3-40bf-88b8-aea9c6cbc9c8,Jill Wilkinson,Amanda Young,834.19,2023-09-14,Debit
64989dc4-f417-41f9-8e4e-3f2d3e19bab3,Susan Wagner,Paul Brown,715.51,2018-06-12,Credit
f0d75488-4de9-4fc9-9f28-5c9646f169ed,Bradley Rodriguez,Ryan Bender,165.0,2024-02-13,Debit
f44c9d44-d20f-41c3-bb2e-7346505d2d8f,Robert Johns,Jonathan Spencer,267.2,2017-10-01,Debit
e2f3c0ec-5420-41a2-bc87-4d349d51cc5a,Catherine Morris,Kevin Watson,728.42,2017-02-07,Credit
a907f42b-86d7-445c-a919-fa1fa9f6e74d,Dana Heath,Jonathan Spencer,344.41,2017-05-02,Credit
05180f6f-edd2-4db8-abff-a2ff63f2766d,Katherine Jennings,Bruce Delgado,119.62,2022-08-19,Debit
56d1a5e5-8744-40c1-9368-b0854a338edb,Jeffery Taylor,Donna Duffy,890.49,2016-04-01,Credit
3c521adf-f0a0-4c0d-9801-cb4036c1ce0d,Darryl Crosby,Rachael Green,342.4,2018-01-10,Credit
459f8478-9ba5-4502-b533-c3c91a94d27c,Robert Garner,Natasha Powell,134.89,2015-12-06,Debit
b90b9d26-771b-4fe5-85bf-558485e9c31e,Robert Johns,Patrick Richards,164.13,2019-01-06,Credit
0a9dc445-fb6d-46e3-9128-db0f275af6df,Katherine Walsh,Amy Davis,321.99,2017-04-20,Debit
1c6192ef-308b-4013-882f-ab9e0de1dc08,Richard Bell,Richard Harris,101.27,2019-03-18,Credit
89d15b81-889f-4eb2-b4c4-718f1cf5a415,Jamie Brooks,Sonia Morales,68.69,2023-02-22,Debit
7081b0f0-2366-4c4e-9472-a0addcb5f86a,Dana Heath,Ryan Bender,99.97,2021-12-28,Debit
eb49432a-ee1c-4e97-9c9b-ce27aa90168a,Sarah Blanchard,Patrick Richards,486.7,2022-12-12,Debit
9ee46506-6cd0-4f15-9ccc-0849e87750e0,Sarah Blanchard,Colin Gates,731.1,2018-07-27,Debit
bb7e288a-8034-454b-9c41-41dd9ff0bdcb,Robert Garner,Elizabeth Munoz,618.31,2018-03-08,Credit
b2481479-9787-425c-83ca-1cf318a27340,Susan Perry,Colin Gates,715.54,2020-01-14,Credit
06318f2c-4c4c-4e04-9d2c-9bd1e72324a2,Mrs. Cynthia Hernandez,Austin Lopez,759.47,2024-12-01,Debit
f023100f-a49b-4d71-bb10-481a2bab9ec6,Justin Rodriguez,Paul Brown,909.08,2017-12-31,Credit
54f7c7c0-cd06-4c12-a142-ac2489295a12,Kathleen White,Michael Moran,777.63,2015-07-19,Credit
8ecf9c3e-8b2c-40fd-aef8-38acc87fa651,Linda Lee,Stephanie Webb,446.65,2022-07-29,Credit
299c14c4-54f7-4ee1-9a09-37d279818f6a,Gabriel Peterson,Natasha Powell,458.46,2018-01-21,Debit
e0f153f6-360a-4079-8eca-9d9eb28be801,Linda Lee,Michael Moran,610.18,2021-07-05,Credit
0ae47cfc-fbdd-4b83-8c1f-9b5673284560,Amanda King,Andrea Hernandez,203.76,2020-09-03,Debit
17537564-9237-42e9-bbb3-45ff1926dfb8,Jill Wilkinson,Ann Barnes,279.51,2023-11-01,Credit
ab4478a0-cdc6-44d8-9b02-f32f8e90f22e,Christine Mcgee,Stephanie Webb,541.19,2016-02-24,Credit
a773b936-3f53-447a-a882-ccc4a5490053,Scott Hansen,Rachael Green,864.01,2015-05-15,Credit
8bdfc906-cf27-44b8-bc12-d7cafb005a98,Susan Wagner,Joshua Vega,910.14,2023-04-15,Debit
1019b558-3b62-4800-a4cf-57f778eb5500,Robert Garner,Michael Moran,440.78,2021-12-30,Credit
0db70cb7-42c2-4386-b33a-6f6cc32fd8b8,Michael Griffith,Andrew Potts,418.45,2024-06-23,Credit
5dec30d9-ace1-4ea9-9320-78f7c672cfa1,Dustin Johns,Robert Perez,38.95,2024-11-17,Debit
ebbd87e6-9bad-4c79-8556-aab9ff907954,Angela Lawson,Henry Smith,776.53,2023-05-14,Debit
38b80546-7b32-47c0-ab33-2f3956c39e8f,Breanna Cook,Michael Moran,638.81,2023-11-21,Credit
0f09b1d9-c486-4183-ba40-953de203930e,Jill Wilkinson,Robert Perez,969.55,2023-09-26,Credit
51fd3074-eee6-4cea-bce2-6b167547a66e,Darryl Crosby,Linda Higgins,393.23,2021-05-19,Debit
cfa96d10-1e05-45c7-84c4-042da2e55512,Robert Johns,Jesus Melton,47.33,2023-01-26,Credit
3b91b8f9-b6b4-4e58-9675-46a75694ac6a,Cynthia Romero,Michael Moran,958.63,2020-12-17,Credit
cafeb0b4-b894-4df3-855b-f4c10c34a58b,Dana Heath,Dale Conway,307.53,2016-04-05,Credit
03ae8bdb-833a-488e-af4b-22ba7460cd3a,Emily Smith,Heather Duran,208.89,2022-07-25,Credit
4070c399-ee7d-4ffe-8120-11fd1913b388,Daniel Harris,Natasha Powell,556.79,2024-04-10,Credit
15311eb1-44c8-404f-8aac-a7eff66194fa,Adam Stephens,Donna Duffy,372.68,2019-04-05,Debit
51190bfe-7bcd-4c57-b941-d140d6326c04,Dustin Mckee,Troy Harrison,96.16,2016-10-14,Debit
65400564-0682-4fdd-b085-21e65ff6fb37,Christine Mcgee,Henry Smith,618.39,2017-05-18,Credit
70bf1979-9c88-4ca0-a0c2-e71037809fd3,Courtney Jones,Henry Smith,590.65,2019-06-09,Debit
01d36aa2-edef-42b4-a613-3e6af11898ba,Amanda King,Jesus Melton,376.88,2019-09-05,Debit
9e900247-9717-41ec-a760-9dbe5afc69aa,Mathew Pearson,Andrea Hernandez,965.86,2022-04-01,Credit
dd0b265a-3cab-4d8c-935a-284474a5ddbf,Gabriel Peterson,Brenda Gonzalez,918.98,2019-05-22,Credit
a0f36f4b-5418-44c0-97d1-2d47199421f8,Mathew Pearson,Heather Duran,691.63,2015-07-31,Credit
45ec081d-6822-46cd-a83f-6458524863bb,Amanda King,Pamela Wiggins,993.0,2024-03-29,Credit
288a6e32-1698-440e-8b07-86f01900f0bf,Linda Lee,Henry Smith,208.21,2024-09-19,Debit
93e709d6-196e-4da6-a91b-44ccb73e38c4,Michael Griffith,Samuel Smith Jr.,590.84,2021-06-05,Credit
74c4df4f-3e88-4ca9-a16d-e6edeef84d5e,Douglas Martin,Richard Harris,633.28,2015-10-25,Credit
8bebd1dc-43f6-41be-94f9-95bd1bb95482,Douglas Martin,Yvonne Ford,607.81,2020-10-18,Credit
809666da-f385-4d4c-b381-cf53fd2d2610,Jonathan Fisher,Rachel Woodard,773.08,2017-01-17,Credit
62ca71a5-e77d-4d4c-b8a8-73258329a7a4,Jennifer Roberts,Linda Higgins,694.45,2024-04-18,Credit
4cfd1c3e-2524-4bd7-b778-b9ae4e37ac2a,Douglas Martin,William Ruiz,976.46,2019-04-09,Debit
62947897-301c-43bb-a3c9-d9e2745db505,Adam Stephens,Colin Gates,718.91,2016-08-17,Credit
65064d85-39f2-4242-8014-64ff7083df4e,Melissa Lamb,Brad Snow,549.37,2019-07-17,Credit
3a4c865b-d4ab-4f9e-b53f-fa48e8b10f63,Justin Rodriguez,Denise Turner,625.02,2019-07-10,Credit
876cc4df-6d35-43e5-8bf1-86b0f3081622,Susan Wagner,Pamela Wiggins,816.2,2018-12-25,Credit
6eb23ada-42d9-41fb-ae6e-c177f1bd5d07,Katherine Walsh,Henry Smith,534.68,2024-11-04,Debit
c4f8ae35-fff1-496a-8d2a-0d920823608b,Scott Hansen,Denise Turner,365.66,2019-08-19,Credit
2af2e591-8177-48d3-9c48-0464086ff492,Kathleen White,Amy Davis,816.99,2017-11-12,Credit
eebf55e2-9028-496f-a526-846f4273b1dd,Robert Garner,Robert Perez,673.37,2015-07-10,Debit
a5f06143-10ab-4ec1-af72-4e36767f371b,Jesse Kelley,Dale Conway,185.34,2017-03-05,Credit
0a88cba5-9fdc-43af-bf5b-e798dd1f117e,Dana Heath,Katie Williams,608.91,2020-07-13,Credit
932fb460-b2e4-42d6-a49d-6687738654c9,Angela Lawson,Patrick Richards,48.73,2017-08-08,Debit
0f07ef72-f1c2-488b-b098-cb2408442187,Scott Powell,Henry Smith,431.36,2018-07-28,Credit
d1d98206-ecac-4d80-9c93-8bf93c0cfa54,Gabriel Peterson,Amanda Young,64.81,2022-08-15,Credit
a4aaa239-a29c-4388-a589-c24dfae7f67c,Kathleen White,Katherine Harvey,499.88,2024-03-19,Credit
e770c7c1-d60e-46c0-9c73-aa9b93e07f70,Richard Bell,Christine Navarro,71.03,2021-01-07,Debit
129dbe29-4962-49fa-aaa1-29e27d7ca808,Dustin Johns,Kevin Watson,972.89,2017-07-23,Credit
44d7e097-1b57-46cf-bad5-6ba18023996f,Jennifer Roberts,Matthew Tyler,11.64,2018-10-07,Debit
4a0e6041-7a4f-4518-b8ed-98912140147a,Kathleen White,Sonia Morales,545.02,2019-05-05,Debit
8aa97c91-0e36-49d1-9bbe-c086b30869c4,Jeffery Taylor,Bruce Delgado,718.49,2021-08-31,Debit
e0583e26-e56f-4f30-ad60-fb2cc14f4f9b,Katherine Walsh,Jesus Melton,619.44,2021-05-06,Credit
36ba37f0-5372-4d9e-9cd8-b6b6ec53b8e6,Dustin Johns,Christine Navarro,640.06,2015-08-16,Credit
86041ff9-648c-486f-bf96-3ec9811fce87,Mathew Pearson,Stephanie Webb,176.38,2019-08-27,Debit
6245486d-651c-4825-a82f-38b3bd0bd726,Scott Powell,Linda Higgins,149.52,2024-03-14,Debit
0429eecc-ebd2-4867-9f8b-c560943dcc22,Angela Lawson,Henry Smith,308.24,2017-03-25,Debit
816dfab6-47b1-48cf-aa35-8314078d5250,Susan Perry,Joshua Vega,212.73,2019-02-07,Credit
46bd46f4-d19b-4bb0-a68a-ff9d72c2d3f7,Mr. Stephen Jarvis Jr.,Samuel Smith Jr.,355.84,2016-07-04,Credit
053368c8-52e9-4366-8bf7-8f8dbb9292a2,Katherine Jennings,Natasha Powell,818.34,2017-10-25,Debit
a174768d-7606-4892-b3fb-3573a6d8a003,Tracy Parks,Sonia Morales,626.08,2016-06-15,Debit
